Aeropuerto;Ciudad;Pais
Aeropuerto: Goroka Airport ; Ciudad: Goroka; Pais: Papua New Guinea 
Aeropuerto: Madang Airport ; Ciudad: Madang; Pais: Papua New Guinea 
Aeropuerto: Mount Hagen Kagamuga Airport ; Ciudad: Mount Hagen; Pais: Papua New Guinea 
Aeropuerto: Nadzab Airport ; Ciudad: Nadzab; Pais: Papua New Guinea 
Aeropuerto: Port Moresby Jacksons International Airport ; Ciudad: Port Moresby; Pais: Papua New Guinea 
Aeropuerto: Wewak International Airport ; Ciudad: Wewak; Pais: Papua New Guinea 
Aeropuerto: Narsarsuaq Airport ; Ciudad: Narssarssuaq; Pais: Greenland 
Aeropuerto: Godthaab / Nuuk Airport ; Ciudad: Godthaab; Pais: Greenland 
Aeropuerto: Kangerlussuaq Airport ; Ciudad: Sondrestrom; Pais: Greenland 
Aeropuerto: Thule Air Base ; Ciudad: Thule; Pais: Greenland 
Aeropuerto: Akureyri Airport ; Ciudad: Akureyri; Pais: Iceland 
Aeropuerto: Egilsstaðir Airport ; Ciudad: Egilsstadir; Pais: Iceland 
Aeropuerto: Hornafjörður Airport ; Ciudad: Hofn; Pais: Iceland 
Aeropuerto: Húsavík Airport ; Ciudad: Husavik; Pais: Iceland 
Aeropuerto: Ísafjörður Airport ; Ciudad: Isafjordur; Pais: Iceland 
Aeropuerto: Keflavik International Airport ; Ciudad: Keflavik; Pais: Iceland 
Aeropuerto: Patreksfjörður Airport ; Ciudad: Patreksfjordur; Pais: Iceland 
Aeropuerto: Reykjavik Airport ; Ciudad: Reykjavik; Pais: Iceland 
Aeropuerto: Siglufjörður Airport ; Ciudad: Siglufjordur; Pais: Iceland 
Aeropuerto: Vestmannaeyjar Airport ; Ciudad: Vestmannaeyjar; Pais: Iceland 
Aeropuerto: Sault Ste Marie Airport ; Ciudad: Sault Sainte Marie; Pais: Canada 
Aeropuerto: Winnipeg / St. Andrews Airport ; Ciudad: Winnipeg; Pais: Canada 
Aeropuerto: Halifax / CFB Shearwater Heliport ; Ciudad: Halifax; Pais: Canada 
Aeropuerto: St. Anthony Airport ; Ciudad: St. Anthony; Pais: Canada 
Aeropuerto: Tofino / Long Beach Airport ; Ciudad: Tofino; Pais: Canada 
Aeropuerto: Kugaaruk Airport ; Ciudad: Pelly Bay; Pais: Canada 
Aeropuerto: Baie Comeau Airport ; Ciudad: Baie Comeau; Pais: Canada 
Aeropuerto: CFB Bagotville ; Ciudad: Bagotville; Pais: Canada 
Aeropuerto: Baker Lake Airport ; Ciudad: Baker Lake; Pais: Canada 
Aeropuerto: Campbell River Airport ; Ciudad: Campbell River; Pais: Canada 
Aeropuerto: Brandon Municipal Airport ; Ciudad: Brandon; Pais: Canada 
Aeropuerto: Cambridge Bay Airport ; Ciudad: Cambridge Bay; Pais: Canada 
Aeropuerto: Nanaimo Airport ; Ciudad: Nanaimo; Pais: Canada 
Aeropuerto: Castlegar/West Kootenay Regional Airport ; Ciudad: Castlegar; Pais: Canada 
Aeropuerto: Miramichi Airport ; Ciudad: Chatham; Pais: Canada 
Aeropuerto: Charlo Airport ; Ciudad: Charlo; Pais: Canada 
Aeropuerto: Kugluktuk Airport ; Ciudad: Coppermine; Pais: Canada 
Aeropuerto: Coronation Airport ; Ciudad: Coronation; Pais: Canada 
Aeropuerto: Chilliwack Airport ; Ciudad: Chilliwack; Pais: Canada 
Aeropuerto: Clyde River Airport ; Ciudad: Clyde River; Pais: Canada 
Aeropuerto: Coral Harbour Airport ; Ciudad: Coral Harbour; Pais: Canada 
Aeropuerto: Dawson City Airport ; Ciudad: Dawson; Pais: Canada 
Aeropuerto: Burwash Airport ; Ciudad: Burwash; Pais: Canada 
Aeropuerto: Princeton Airport ; Ciudad: Princeton; Pais: Canada 
Aeropuerto: Deer Lake Airport ; Ciudad: Deer Lake; Pais: Canada 
Aeropuerto: Dease Lake Airport ; Ciudad: Dease Lake; Pais: Canada 
Aeropuerto: Dauphin Barker Airport ; Ciudad: Dauphin; Pais: Canada 
Aeropuerto: Dawson Creek Airport ; Ciudad: Dawson Creek; Pais: Canada 
Aeropuerto: Edmonton International Airport ; Ciudad: Edmonton; Pais: Canada 
Aeropuerto: Arviat Airport ; Ciudad: Eskimo Point; Pais: Canada 
Aeropuerto: Estevan Airport ; Ciudad: Estevan; Pais: Canada 
Aeropuerto: Edson Airport ; Ciudad: Edson; Pais: Canada 
Aeropuerto: Eureka Airport ; Ciudad: Eureka; Pais: Canada 
Aeropuerto: Inuvik Mike Zubko Airport ; Ciudad: Inuvik; Pais: Canada 
Aeropuerto: Iqaluit Airport ; Ciudad: Iqaluit; Pais: Canada 
Aeropuerto: Fredericton Airport ; Ciudad: Fredericton; Pais: Canada 
Aeropuerto: Forestville Airport ; Ciudad: Forestville; Pais: Canada 
Aeropuerto: Flin Flon Airport ; Ciudad: Flin Flon; Pais: Canada 
Aeropuerto: Fort Resolution Airport ; Ciudad: Fort Resolution; Pais: Canada 
Aeropuerto: Fort Simpson Airport ; Ciudad: Fort Simpson; Pais: Canada 
Aeropuerto: Kingston Norman Rogers Airport ; Ciudad: Kingston; Pais: Canada 
Aeropuerto: La Grande Rivière Airport ; Ciudad: La Grande Riviere; Pais: Canada 
Aeropuerto: Gaspé (Michel-Pouliot) Airport ; Ciudad: Gaspe; Pais: Canada 
Aeropuerto: Geraldton Greenstone Regional Airport ; Ciudad: Geraldton; Pais: Canada 
Aeropuerto: Îles-de-la-Madeleine Airport ; Ciudad: Iles De La Madeleine; Pais: Canada 
Aeropuerto: Hudson Bay Airport ; Ciudad: Hudson Bay; Pais: Canada 
Aeropuerto: Dryden Regional Airport ; Ciudad: Dryden; Pais: Canada 
Aeropuerto: Ulukhaktok Holman Airport ; Ciudad: Holman Island; Pais: Canada 
Aeropuerto: Gjoa Haven Airport ; Ciudad: Gjoa Haven; Pais: Canada 
Aeropuerto: John C. Munro Hamilton International Airport ; Ciudad: Hamilton; Pais: Canada 
Aeropuerto: Montréal / Saint-Hubert Airport ; Ciudad: Montreal; Pais: Canada 
Aeropuerto: Hay River / Merlyn Carter Airport ; Ciudad: Hay River; Pais: Canada 
Aeropuerto: Halifax / Stanfield International Airport ; Ciudad: Halifax; Pais: Canada 
Aeropuerto: Atikokan Municipal Airport ; Ciudad: Atikokan; Pais: Canada 
Aeropuerto: Pond Inlet Airport ; Ciudad: Pond Inlet; Pais: Canada 
Aeropuerto: St Jean Airport ; Ciudad: St. Jean; Pais: Canada 
Aeropuerto: Stephenville Airport ; Ciudad: Stephenville; Pais: Canada 
Aeropuerto: Kamloops Airport ; Ciudad: Kamloops; Pais: Canada 
Aeropuerto: Waterloo Airport ; Ciudad: Waterloo; Pais: Canada 
Aeropuerto: Schefferville Airport ; Ciudad: Schefferville; Pais: Canada 
Aeropuerto: Kindersley Airport ; Ciudad: Kindersley; Pais: Canada 
Aeropuerto: Buttonville Municipal Airport ; Ciudad: Toronto; Pais: Canada 
Aeropuerto: Chapleau Airport ; Ciudad: Chapleau; Pais: Canada 
Aeropuerto: Meadow Lake Airport ; Ciudad: Meadow Lake; Pais: Canada 
Aeropuerto: Lloydminster Airport ; Ciudad: Lloydminster; Pais: Canada 
Aeropuerto: Alert Airport ; Ciudad: Alert; Pais: Canada 
Aeropuerto: Kelowna International Airport ; Ciudad: Kelowna; Pais: Canada 
Aeropuerto: Mayo Airport ; Ciudad: Mayo; Pais: Canada 
Aeropuerto: Moose Jaw Air Vice Marshal C. M. McEwen Airport ; Ciudad: Moose Jaw; Pais: Canada 
Aeropuerto: Fort McMurray Airport ; Ciudad: Fort Mcmurray; Pais: Canada 
Aeropuerto: Moosonee Airport ; Ciudad: Moosonee; Pais: Canada 
Aeropuerto: Maniwaki Airport ; Ciudad: Maniwaki; Pais: Canada 
Aeropuerto: Montreal International (Mirabel) Airport ; Ciudad: Montreal; Pais: Canada 
Aeropuerto: Natashquan Airport ; Ciudad: Natashquan; Pais: Canada 
Aeropuerto: Ottawa / Gatineau Airport ; Ciudad: Gatineau; Pais: Canada 
Aeropuerto: Matagami Airport ; Ciudad: Matagami; Pais: Canada 
Aeropuerto: Old Crow Airport ; Ciudad: Old Crow; Pais: Canada 
Aeropuerto: CFB Cold Lake ; Ciudad: Cold Lake; Pais: Canada 
Aeropuerto: High Level Airport ; Ciudad: High Level; Pais: Canada 
Aeropuerto: Ottawa Macdonald-Cartier International Airport ; Ciudad: Ottawa; Pais: Canada 
Aeropuerto: Prince Albert Glass Field ; Ciudad: Prince Albert; Pais: Canada 
Aeropuerto: Peace River Airport ; Ciudad: Peace River; Pais: Canada 
Aeropuerto: Southport Airport ; Ciudad: Portage-la-prairie; Pais: Canada 
Aeropuerto: Pitt Meadows Airport ; Ciudad: Pitt Meadows; Pais: Canada 
Aeropuerto: Pickle Lake Airport ; Ciudad: Pickle Lake; Pais: Canada 
Aeropuerto: Port Menier Airport ; Ciudad: Port Menier; Pais: Canada 
Aeropuerto: Peterborough Airport ; Ciudad: Peterborough; Pais: Canada 
Aeropuerto: Prince Rupert Airport ; Ciudad: Prince Pupert; Pais: Canada 
Aeropuerto: Fort Chipewyan Airport ; Ciudad: Fort Chipewyan; Pais: Canada 
Aeropuerto: Muskoka Airport ; Ciudad: Muskoka; Pais: Canada 
Aeropuerto: Quebec Jean Lesage International Airport ; Ciudad: Quebec; Pais: Canada 
Aeropuerto: Red Deer Regional Airport ; Ciudad: Red Deer Industrial; Pais: Canada 
Aeropuerto: Windsor Airport ; Ciudad: Windsor; Pais: Canada 
Aeropuerto: Watson Lake Airport ; Ciudad: Watson Lake; Pais: Canada 
Aeropuerto: Kenora Airport ; Ciudad: Kenora; Pais: Canada 
Aeropuerto: Lethbridge County Airport ; Ciudad: Lethbridge; Pais: Canada 
Aeropuerto: Greater Moncton International Airport ; Ciudad: Moncton; Pais: Canada 
Aeropuerto: Comox Airport ; Ciudad: Comox; Pais: Canada 
Aeropuerto: Regina International Airport ; Ciudad: Regina; Pais: Canada 
Aeropuerto: Thunder Bay Airport ; Ciudad: Thunder Bay; Pais: Canada 
Aeropuerto: Grande Prairie Airport ; Ciudad: Grande Prairie; Pais: Canada 
Aeropuerto: Yorkton Municipal Airport ; Ciudad: Yorkton; Pais: Canada 
Aeropuerto: North Battleford Airport ; Ciudad: North Battleford; Pais: Canada 
Aeropuerto: Gander International Airport ; Ciudad: Gander; Pais: Canada 
Aeropuerto: Sydney / J.A. Douglas McCurdy Airport ; Ciudad: Sydney; Pais: Canada 
Aeropuerto: Quesnel Airport ; Ciudad: Quesnel; Pais: Canada 
Aeropuerto: Resolute Bay Airport ; Ciudad: Resolute; Pais: Canada 
Aeropuerto: Rivière-du-Loup Airport ; Ciudad: Riviere Du Loup; Pais: Canada 
Aeropuerto: Roberval Airport ; Ciudad: Roberval; Pais: Canada 
Aeropuerto: Rocky Mountain House Airport ; Ciudad: Rocky Mountain House; Pais: Canada 
Aeropuerto: Rankin Inlet Airport ; Ciudad: Rankin Inlet; Pais: Canada 
Aeropuerto: Sudbury Airport ; Ciudad: Sudbury; Pais: Canada 
Aeropuerto: Sherbrooke Airport ; Ciudad: Sherbrooke; Pais: Canada 
Aeropuerto: Saint John Airport ; Ciudad: St. John; Pais: Canada 
Aeropuerto: Fort Smith Airport ; Ciudad: Fort Smith; Pais: Canada 
Aeropuerto: Nanisivik Airport ; Ciudad: Nanisivik; Pais: Canada 
Aeropuerto: Summerside Airport ; Ciudad: Summerside; Pais: Canada 
Aeropuerto: Sachs Harbour (David Nasogaluak Jr. Saaryuaq) Airport ; Ciudad: Sachs Harbour; Pais: Canada 
Aeropuerto: Cape Dorset Airport ; Ciudad: Cape Dorset; Pais: Canada 
Aeropuerto: Thompson Airport ; Ciudad: Thompson; Pais: Canada 
Aeropuerto: CFB Trenton ; Ciudad: Trenton; Pais: Canada 
Aeropuerto: Timmins/Victor M. Power ; Ciudad: Timmins; Pais: Canada 
Aeropuerto: Billy Bishop Toronto City Centre Airport ; Ciudad: Toronto; Pais: Canada 
Aeropuerto: Tuktoyaktuk Airport ; Ciudad: Tuktoyaktuk; Pais: Canada 
Aeropuerto: Montreal / Pierre Elliott Trudeau International Airport ; Ciudad: Montreal; Pais: Canada 
Aeropuerto: Repulse Bay Airport ; Ciudad: Repulse Bay; Pais: Canada 
Aeropuerto: Hall Beach Airport ; Ciudad: Hall Beach; Pais: Canada 
Aeropuerto: Rouyn Noranda Airport ; Ciudad: Rouyn; Pais: Canada 
Aeropuerto: La Ronge Airport ; Ciudad: La Ronge; Pais: Canada 
Aeropuerto: Vermilion Airport ; Ciudad: Vermillion; Pais: Canada 
Aeropuerto: Qikiqtarjuaq Airport ; Ciudad: Broughton Island; Pais: Canada 
Aeropuerto: Val-d'Or Airport ; Ciudad: Val D'or; Pais: Canada 
Aeropuerto: Kuujjuaq Airport ; Ciudad: Quujjuaq; Pais: Canada 
Aeropuerto: Norman Wells Airport ; Ciudad: Norman Wells; Pais: Canada 
Aeropuerto: Vancouver International Airport ; Ciudad: Vancouver; Pais: Canada 
Aeropuerto: Buffalo Narrows Airport ; Ciudad: Buffalo Narrows; Pais: Canada 
Aeropuerto: Wiarton Airport ; Ciudad: Wiarton; Pais: Canada 
Aeropuerto: Petawawa Airport ; Ciudad: Petawawa; Pais: Canada 
Aeropuerto: Winnipeg / James Armstrong Richardson International Airport ; Ciudad: Winnipeg; Pais: Canada 
Aeropuerto: Wabush Airport ; Ciudad: Wabush; Pais: Canada 
Aeropuerto: Williams Lake Airport ; Ciudad: Williams Lake; Pais: Canada 
Aeropuerto: Wrigley Airport ; Ciudad: Wrigley; Pais: Canada 
Aeropuerto: Cranbrook/Canadian Rockies International Airport ; Ciudad: Cranbrook; Pais: Canada 
Aeropuerto: Edmonton City Centre (Blatchford Field) Airport ; Ciudad: Edmonton; Pais: Canada 
Aeropuerto: Saskatoon John G. Diefenbaker International Airport ; Ciudad: Saskatoon; Pais: Canada 
Aeropuerto: Medicine Hat Airport ; Ciudad: Medicine Hat; Pais: Canada 
Aeropuerto: Fort St John Airport ; Ciudad: Fort Saint John; Pais: Canada 
Aeropuerto: Sioux Lookout Airport ; Ciudad: Sioux Lookout; Pais: Canada 
Aeropuerto: Pangnirtung Airport ; Ciudad: Pangnirtung; Pais: Canada 
Aeropuerto: Earlton (Timiskaming Regional) Airport ; Ciudad: Earlton; Pais: Canada 
Aeropuerto: Prince George Airport ; Ciudad: Prince George; Pais: Canada 
Aeropuerto: Northwest Regional Airport Terrace-Kitimat ; Ciudad: Terrace; Pais: Canada 
Aeropuerto: London Airport ; Ciudad: London; Pais: Canada 
Aeropuerto: Abbotsford Airport ; Ciudad: Abbotsford; Pais: Canada 
Aeropuerto: Whitehorse / Erik Nielsen International Airport ; Ciudad: Whitehorse; Pais: Canada 
Aeropuerto: North Bay Jack Garland Airport ; Ciudad: North Bay; Pais: Canada 
Aeropuerto: Calgary International Airport ; Ciudad: Calgary; Pais: Canada 
Aeropuerto: Smithers Airport ; Ciudad: Smithers; Pais: Canada 
Aeropuerto: Fort Nelson Airport ; Ciudad: Fort Nelson; Pais: Canada 
Aeropuerto: Penticton Airport ; Ciudad: Penticton; Pais: Canada 
Aeropuerto: Charlottetown Airport ; Ciudad: Charlottetown; Pais: Canada 
Aeropuerto: Taloyoak Airport ; Ciudad: Spence Bay; Pais: Canada 
Aeropuerto: Victoria International Airport ; Ciudad: Victoria; Pais: Canada 
Aeropuerto: Lynn Lake Airport ; Ciudad: Lynn Lake; Pais: Canada 
Aeropuerto: Swift Current Airport ; Ciudad: Swift Current; Pais: Canada 
Aeropuerto: Churchill Airport ; Ciudad: Churchill; Pais: Canada 
Aeropuerto: Goose Bay Airport ; Ciudad: Goose Bay; Pais: Canada 
Aeropuerto: St. John's International Airport ; Ciudad: St. John's; Pais: Canada 
Aeropuerto: Kapuskasing Airport ; Ciudad: Kapuskasing; Pais: Canada 
Aeropuerto: Armstrong Airport ; Ciudad: Armstrong; Pais: Canada 
Aeropuerto: Mont Joli Airport ; Ciudad: Mont Joli; Pais: Canada 
Aeropuerto: Lester B. Pearson International Airport ; Ciudad: Toronto; Pais: Canada 
Aeropuerto: Downsview Airport ; Ciudad: Toronto; Pais: Canada 
Aeropuerto: Gore Bay Manitoulin Airport ; Ciudad: Gore Bay; Pais: Canada 
Aeropuerto: Yellowknife Airport ; Ciudad: Yellowknife; Pais: Canada 
Aeropuerto: Slave Lake Airport ; Ciudad: Slave Lake; Pais: Canada 
Aeropuerto: Sandspit Airport ; Ciudad: Sandspit; Pais: Canada 
Aeropuerto: Chris Hadfield Airport ; Ciudad: Sarnia; Pais: Canada 
Aeropuerto: Port Hardy Airport ; Ciudad: Port Hardy; Pais: Canada 
Aeropuerto: Whitecourt Airport ; Ciudad: Whitecourt; Pais: Canada 
Aeropuerto: Sept-Îles Airport ; Ciudad: Sept-iles; Pais: Canada 
Aeropuerto: Teslin Airport ; Ciudad: Teslin; Pais: Canada 
Aeropuerto: CFB Greenwood ; Ciudad: Greenwood; Pais: Canada 
Aeropuerto: Faro Airport ; Ciudad: Faro; Pais: Canada 
Aeropuerto: Fort Mcpherson Airport ; Ciudad: Fort Mcpherson; Pais: Canada 
Aeropuerto: Blida Airport ; Ciudad: Blida; Pais: Algeria 
Aeropuerto: Bou Saada Airport ; Ciudad: Bou Saada; Pais: Algeria 
Aeropuerto: Soummam Airport ; Ciudad: Bejaja; Pais: Algeria 
Aeropuerto: Houari Boumediene Airport ; Ciudad: Algier; Pais: Algeria 
Aeropuerto: Djanet Inedbirene Airport ; Ciudad: Djanet; Pais: Algeria 
Aeropuerto: Boufarik Airport ; Ciudad: Boufarik; Pais: Algeria 
Aeropuerto: Reggane Airport ; Ciudad: Reggan; Pais: Algeria 
Aeropuerto: Illizi Takhamalt Airport ; Ciudad: Illizi; Pais: Algeria 
Aeropuerto: Ain Oussera Airport ; Ciudad: Ain Oussera; Pais: Algeria 
Aeropuerto: Aguenar – Hadj Bey Akhamok Airport ; Ciudad: Tamanrasset; Pais: Algeria 
Aeropuerto: Jijel Ferhat Abbas Airport ; Ciudad: Jijel; Pais: Algeria 
Aeropuerto: Mecheria Airport ; Ciudad: Mecheria; Pais: Algeria 
Aeropuerto: Relizane Airport ; Ciudad: Relizane; Pais: Algeria 
Aeropuerto: Rabah Bitat Airport ; Ciudad: Annaba; Pais: Algeria 
Aeropuerto: Mohamed Boudiaf International Airport ; Ciudad: Constantine; Pais: Algeria 
Aeropuerto: Cheikh Larbi Tébessi Airport ; Ciudad: Tebessa; Pais: Algeria 
Aeropuerto: Hassi R'Mel Airport ; Ciudad: Tilrempt; Pais: Algeria 
Aeropuerto: Bou Chekif Airport ; Ciudad: Tiaret; Pais: Algeria 
Aeropuerto: Bou Sfer Airport ; Ciudad: Bou Sfer; Pais: Algeria 
Aeropuerto: Tindouf Airport ; Ciudad: Tindouf; Pais: Algeria 
Aeropuerto: Ech Cheliff Airport ; Ciudad: Ech-cheliff; Pais: Algeria 
Aeropuerto: Tafaraoui Airport ; Ciudad: Oran; Pais: Algeria 
Aeropuerto: Zenata – Messali El Hadj Airport ; Ciudad: Tlemcen; Pais: Algeria 
Aeropuerto: Es Senia Airport ; Ciudad: Oran; Pais: Algeria 
Aeropuerto: Sidi Bel Abbes Airport ; Ciudad: Sidi Bel Abbes; Pais: Algeria 
Aeropuerto: Ghriss Airport ; Ciudad: Ghriss; Pais: Algeria 
Aeropuerto: Touat Cheikh Sidi Mohamed Belkebir Airport ; Ciudad: Adrar; Pais: Algeria 
Aeropuerto: Biskra Airport ; Ciudad: Biskra; Pais: Algeria 
Aeropuerto: El Golea Airport ; Ciudad: El Golea; Pais: Algeria 
Aeropuerto: Noumérat - Moufdi Zakaria Airport ; Ciudad: Ghardaia; Pais: Algeria 
Aeropuerto: Oued Irara Airport ; Ciudad: Hassi Messaoud; Pais: Algeria 
Aeropuerto: In Salah Airport ; Ciudad: In Salah; Pais: Algeria 
Aeropuerto: Touggourt Sidi Madhi Airport ; Ciudad: Touggourt; Pais: Algeria 
Aeropuerto: Laghouat Airport ; Ciudad: Laghouat; Pais: Algeria 
Aeropuerto: Timimoun Airport ; Ciudad: Timimoun; Pais: Algeria 
Aeropuerto: Ain el Beida Airport ; Ciudad: Ouargla; Pais: Algeria 
Aeropuerto: In Aménas Airport ; Ciudad: Zarzaitine; Pais: Algeria 
Aeropuerto: Cadjehoun Airport ; Ciudad: Cotonou; Pais: Benin 
Aeropuerto: Ouagadougou Airport ; Ciudad: Ouagadougou; Pais: Burkina Faso 
Aeropuerto: Bobo Dioulasso Airport ; Ciudad: Bobo-dioulasso; Pais: Burkina Faso 
Aeropuerto: Kotoka International Airport ; Ciudad: Accra; Pais: Ghana 
Aeropuerto: Tamale Airport ; Ciudad: Tamale; Pais: Ghana 
Aeropuerto: Wa Airport ; Ciudad: Wa; Pais: Ghana 
Aeropuerto: Sunyani Airport ; Ciudad: Sunyani; Pais: Ghana 
Aeropuerto: Takoradi Airport ; Ciudad: Takoradi; Pais: Ghana 
Aeropuerto: Port Bouet Airport ; Ciudad: Abidjan; Pais: Cote d'Ivoire 
Aeropuerto: Bouaké Airport ; Ciudad: Bouake; Pais: Cote d'Ivoire 
Aeropuerto: Daloa Airport ; Ciudad: Daloa; Pais: Cote d'Ivoire 
Aeropuerto: Korhogo Airport ; Ciudad: Korhogo; Pais: Cote d'Ivoire 
Aeropuerto: Man Airport ; Ciudad: Man; Pais: Cote d'Ivoire 
Aeropuerto: San Pedro Airport ; Ciudad: San Pedro; Pais: Cote d'Ivoire 
Aeropuerto: Yamoussoukro Airport ; Ciudad: Yamoussoukro; Pais: Cote d'Ivoire 
Aeropuerto: Nnamdi Azikiwe International Airport ; Ciudad: Abuja; Pais: Nigeria 
Aeropuerto: Akure Airport ; Ciudad: Akure; Pais: Nigeria 
Aeropuerto: Benin Airport ; Ciudad: Benin; Pais: Nigeria 
Aeropuerto: Margaret Ekpo International Airport ; Ciudad: Calabar; Pais: Nigeria 
Aeropuerto: Akanu Ibiam International Airport ; Ciudad: Enugu; Pais: Nigeria 
Aeropuerto: Gusau Airport ; Ciudad: Gusau; Pais: Nigeria 
Aeropuerto: Ibadan Airport ; Ciudad: Ibadan; Pais: Nigeria 
Aeropuerto: Ilorin International Airport ; Ciudad: Ilorin; Pais: Nigeria 
Aeropuerto: Yakubu Gowon Airport ; Ciudad: Jos; Pais: Nigeria 
Aeropuerto: Kaduna Airport ; Ciudad: Kaduna; Pais: Nigeria 
Aeropuerto: Mallam Aminu International Airport ; Ciudad: Kano; Pais: Nigeria 
Aeropuerto: Maiduguri International Airport ; Ciudad: Maiduguri; Pais: Nigeria 
Aeropuerto: Makurdi Airport ; Ciudad: Makurdi; Pais: Nigeria 
Aeropuerto: Murtala Muhammed International Airport ; Ciudad: Lagos; Pais: Nigeria 
Aeropuerto: Minna Airport ; Ciudad: Minna; Pais: Nigeria 
Aeropuerto: Port Harcourt International Airport ; Ciudad: Port Hartcourt; Pais: Nigeria 
Aeropuerto: Sadiq Abubakar III International Airport ; Ciudad: Sokoto; Pais: Nigeria 
Aeropuerto: Yola Airport ; Ciudad: Yola; Pais: Nigeria 
Aeropuerto: Zaria Airport ; Ciudad: Zaria; Pais: Nigeria 
Aeropuerto: Maradi Airport ; Ciudad: Maradi; Pais: Niger 
Aeropuerto: Diori Hamani International Airport ; Ciudad: Niamey; Pais: Niger 
Aeropuerto: Tahoua Airport ; Ciudad: Tahoua; Pais: Niger 
Aeropuerto: Mano Dayak International Airport ; Ciudad: Agadez; Pais: Niger 
Aeropuerto: Dirkou Airport ; Ciudad: Dirkou; Pais: Niger 
Aeropuerto: Diffa Airport ; Ciudad: Diffa; Pais: Niger 
Aeropuerto: Zinder Airport ; Ciudad: Zinder; Pais: Niger 
Aeropuerto: Monastir Habib Bourguiba International Airport ; Ciudad: Monastir; Pais: Tunisia 
Aeropuerto: Tunis Carthage International Airport ; Ciudad: Tunis; Pais: Tunisia 
Aeropuerto: Sidi Ahmed Air Base ; Ciudad: Bizerte; Pais: Tunisia 
Aeropuerto: Remada Air Base ; Ciudad: Remada; Pais: Tunisia 
Aeropuerto: Gafsa Ksar International Airport ; Ciudad: Gafsa; Pais: Tunisia 
Aeropuerto: Gabès Matmata International Airport ; Ciudad: Gabes; Pais: Tunisia 
Aeropuerto: Borj El Amri Airport ; Ciudad: Bordj El Amri; Pais: Tunisia 
Aeropuerto: Djerba Zarzis International Airport ; Ciudad: Djerba; Pais: Tunisia 
Aeropuerto: El Borma Airport ; Ciudad: El Borma; Pais: Tunisia 
Aeropuerto: Sfax Thyna International Airport ; Ciudad: Sfax; Pais: Tunisia 
Aeropuerto: Tozeur Nefta International Airport ; Ciudad: Tozeur; Pais: Tunisia 
Aeropuerto: Niamtougou International Airport ; Ciudad: Niatougou; Pais: Togo 
Aeropuerto: Lomé-Tokoin Airport ; Ciudad: Lome; Pais: Togo 
Aeropuerto: Antwerp International Airport (Deurne) ; Ciudad: Antwerp; Pais: Belgium 
Aeropuerto: Beauvechain Air Base ; Ciudad: Beauvechain; Pais: Belgium 
Aeropuerto: Kleine Brogel Air Base ; Ciudad: Kleine Brogel; Pais: Belgium 
Aeropuerto: Brussels Airport ; Ciudad: Brussels; Pais: Belgium 
Aeropuerto: Jehonville Air Base ; Ciudad: Bertrix; Pais: Belgium 
Aeropuerto: Brussels South Charleroi Airport ; Ciudad: Charleroi; Pais: Belgium 
Aeropuerto: Chièvres Air Base ; Ciudad: Chievres; Pais: Belgium 
Aeropuerto: Koksijde Air Base ; Ciudad: Koksijde; Pais: Belgium 
Aeropuerto: Florennes Air Base ; Ciudad: Florennes; Pais: Belgium 
Aeropuerto: Wevelgem Airport ; Ciudad: Kortrijk-vevelgem; Pais: Belgium 
Aeropuerto: Liège Airport ; Ciudad: Liege; Pais: Belgium 
Aeropuerto: Ostend-Bruges International Airport ; Ciudad: Ostend; Pais: Belgium 
Aeropuerto: Zutendaal Air Base ; Ciudad: Zutendaal; Pais: Belgium 
Aeropuerto: Brustem Airfield Sint Truiden ; Ciudad: Sint-truiden; Pais: Belgium 
Aeropuerto: Saint Hubert Air Base ; Ciudad: St.-hubert; Pais: Belgium 
Aeropuerto: Ursel Air Base ; Ciudad: Ursel; Pais: Belgium 
Aeropuerto: Weelde Air Base ; Ciudad: Weelde; Pais: Belgium 
Aeropuerto: Zoersel (Oostmalle) Airfield ; Ciudad: Zoersel; Pais: Belgium 
Aeropuerto: Flugplatz Bautzen ; Ciudad: Bautzen; Pais: Germany 
Aeropuerto: Altenburg-Nobitz Airport ; Ciudad: Altenburg; Pais: Germany 
Aeropuerto: Dessau Airfield ; Ciudad: Dessau; Pais: Germany 
Aeropuerto: Eisenhüttenstadt Airfield ; Ciudad: Eisenhuettenstadt; Pais: Germany 
Aeropuerto: Großenhain Airport ; Ciudad: Suhl; Pais: Germany 
Aeropuerto: Merseburg Airport ; Ciudad: Muehlhausen; Pais: Germany 
Aeropuerto: Halle-Oppin Airport ; Ciudad: Halle; Pais: Germany 
Aeropuerto: Riesa-Göhlis Airport ; Ciudad: Riesa; Pais: Germany 
Aeropuerto: Rechlin-Lärz Airport ; Ciudad: Rechlin-laerz; Pais: Germany 
Aeropuerto: Strausberg Airport ; Ciudad: Strausberg; Pais: Germany 
Aeropuerto: Schönhagen Airport ; Ciudad: Schoenhagen; Pais: Germany 
Aeropuerto: Barth Airport ; Ciudad: Barth; Pais: Germany 
Aeropuerto: Jena-Schöngleina Airfield ; Ciudad: Jena; Pais: Germany 
Aeropuerto: Kyritz Airport ; Ciudad: Kyritz; Pais: Germany 
Aeropuerto: Magdeburg ""City"" Airport ; Ciudad: Magdeburg; Pais: Germany 
Aeropuerto: Rothenburg/Görlitz Airport ; Ciudad: Rothenburg/ol; Pais: Germany 
Aeropuerto: Anklam Airfield ; Ciudad: Anklam; Pais: Germany 
Aeropuerto: Cottbus-Drewitz Airport ; Ciudad: Cottbus; Pais: Germany 
Aeropuerto: Kamenz Airport ; Ciudad: Kamenz; Pais: Germany 
Aeropuerto: Berlin-Schönefeld Airport ; Ciudad: Berlin; Pais: Germany 
Aeropuerto: Dresden Airport ; Ciudad: Dresden; Pais: Germany 
Aeropuerto: Erfurt Airport ; Ciudad: Erfurt; Pais: Germany 
Aeropuerto: Frankfurt am Main Airport ; Ciudad: Frankfurt; Pais: Germany 
Aeropuerto: Münster Osnabrück Airport ; Ciudad: Munster; Pais: Germany 
Aeropuerto: Hamburg Airport ; Ciudad: Hamburg; Pais: Germany 
Aeropuerto: Berlin-Tempelhof International Airport ; Ciudad: Berlin; Pais: Germany 
Aeropuerto: Cologne Bonn Airport ; Ciudad: Cologne; Pais: Germany 
Aeropuerto: Düsseldorf Airport ; Ciudad: Duesseldorf; Pais: Germany 
Aeropuerto: Munich Airport ; Ciudad: Munich; Pais: Germany 
Aeropuerto: Nuremberg Airport ; Ciudad: Nuernberg; Pais: Germany 
Aeropuerto: Leipzig/Halle Airport ; Ciudad: Leipzig; Pais: Germany 
Aeropuerto: Saarbrücken Airport ; Ciudad: Saarbruecken; Pais: Germany 
Aeropuerto: Stuttgart Airport ; Ciudad: Stuttgart; Pais: Germany 
Aeropuerto: Berlin-Tegel Airport ; Ciudad: Berlin; Pais: Germany 
Aeropuerto: Hannover Airport ; Ciudad: Hannover; Pais: Germany 
Aeropuerto: Bremen Airport ; Ciudad: Bremen; Pais: Germany 
Aeropuerto: Frankfurt-Egelsbach Airport ; Ciudad: Egelsbach; Pais: Germany 
Aeropuerto: Frankfurt-Hahn Airport ; Ciudad: Hahn; Pais: Germany 
Aeropuerto: Mannheim-City Airport ; Ciudad: Mannheim; Pais: Germany 
Aeropuerto: Allendorf/Eder Airport ; Ciudad: Allendorf; Pais: Germany 
Aeropuerto: Worms Airport ; Ciudad: Worms; Pais: Germany 
Aeropuerto: Mainz-Finthen Airport ; Ciudad: Mainz; Pais: Germany 
Aeropuerto: Eisenach-Kindel Airport ; Ciudad: Eisenach; Pais: Germany 
Aeropuerto: Siegerland Airport ; Ciudad: Siegerland; Pais: Germany 
Aeropuerto: Hamburg-Finkenwerder Airport ; Ciudad: Hamburg; Pais: Germany 
Aeropuerto: Kiel-Holtenau Airport ; Ciudad: Kiel; Pais: Germany 
Aeropuerto: Lübeck Blankensee Airport ; Ciudad: Luebeck; Pais: Germany 
Aeropuerto: Flugplatz Dahlemer Binz ; Ciudad: Dahlemer Binz; Pais: Germany 
Aeropuerto: Meinerzhagen Airport ; Ciudad: Meinerzhagen; Pais: Germany 
Aeropuerto: Arnsberg-Menden Airport ; Ciudad: Arnsberg; Pais: Germany 
Aeropuerto: Essen Mulheim Airport ; Ciudad: Essen; Pais: Germany 
Aeropuerto: Bielefeld Airport ; Ciudad: Bielefeld; Pais: Germany 
Aeropuerto: Mönchengladbach Airport ; Ciudad: Moenchengladbach; Pais: Germany 
Aeropuerto: Paderborn Lippstadt Airport ; Ciudad: Paderborn; Pais: Germany 
Aeropuerto: Stadtlohn-Vreden Airport ; Ciudad: Stadtlohn; Pais: Germany 
Aeropuerto: Dortmund Airport ; Ciudad: Dortmund; Pais: Germany 
Aeropuerto: Augsburg Airport ; Ciudad: Augsburg; Pais: Germany 
Aeropuerto: Biberach a.d. Riß Airfield ; Ciudad: Biberach; Pais: Germany 
Aeropuerto: Eggenfelden Airport ; Ciudad: Eggenfelden; Pais: Germany 
Aeropuerto: Mindelheim-Mattsies Airfield ; Ciudad: Mindelheim; Pais: Germany 
Aeropuerto: Oberpfaffenhofen Airport ; Ciudad: Oberpfaffenhofen; Pais: Germany 
Aeropuerto: Straubing Airport ; Ciudad: Straubing; Pais: Germany 
Aeropuerto: Vilshofen Airport ; Ciudad: Vilshofen; Pais: Germany 
Aeropuerto: Leutkirch-Unterzeil Airport ; Ciudad: Leutkirch; Pais: Germany 
Aeropuerto: Friedrichshafen Airport ; Ciudad: Friedrichshafen; Pais: Germany 
Aeropuerto: Schwerin Parchim Airport ; Ciudad: Parchim; Pais: Germany 
Aeropuerto: Stendal-Borstel Airport ; Ciudad: Stendal; Pais: Germany 
Aeropuerto: Aalen-Heidenheim/Elchingen Airport ; Ciudad: Aalen-heidenheim; Pais: Germany 
Aeropuerto: Bayreuth Airport ; Ciudad: Bayreuth; Pais: Germany 
Aeropuerto: Burg Feuerstein Airport ; Ciudad: Burg Feuerstein; Pais: Germany 
Aeropuerto: Hof-Plauen Airport ; Ciudad: Hof; Pais: Germany 
Aeropuerto: Haßfurt-Schweinfurt Airport ; Ciudad: Hassfurt; Pais: Germany 
Aeropuerto: Koblenz-Winningen Airfield ; Ciudad: Koblenz; Pais: Germany 
Aeropuerto: Trier-Föhren Airport ; Ciudad: Trier; Pais: Germany 
Aeropuerto: Speyer Airfield ; Ciudad: Speyer; Pais: Germany 
Aeropuerto: Zweibrücken Airport ; Ciudad: Zweibruecken; Pais: Germany 
Aeropuerto: Donaueschingen-Villingen Airport ; Ciudad: Donaueschingen; Pais: Germany 
Aeropuerto: Freiburg i. Br. Airport ; Ciudad: Freiburg; Pais: Germany 
Aeropuerto: Mengen-Hohentengen Airport ; Ciudad: Mengen; Pais: Germany 
Aeropuerto: Adolf Würth Airport ; Ciudad: Schwaebisch Hall; Pais: Germany 
Aeropuerto: Finsterwalde/Schacksdorf Airport ; Ciudad: Soest; Pais: Germany 
Aeropuerto: Braunschweig-Wolfsburg Airport ; Ciudad: Braunschweig; Pais: Germany 
Aeropuerto: Kassel-Calden Airport ; Ciudad: Kassel; Pais: Germany 
Aeropuerto: Hildesheim Airport ; Ciudad: Hildesheim; Pais: Germany 
Aeropuerto: Bremerhaven Airport ; Ciudad: Bremerhaven; Pais: Germany 
Aeropuerto: Emden Airport ; Ciudad: Emden; Pais: Germany 
Aeropuerto: Leer-Papenburg Airport ; Ciudad: Leer; Pais: Germany 
Aeropuerto: Wilhelmshaven-Mariensiel Airport ; Ciudad: Wilhelmshaven; Pais: Germany 
Aeropuerto: Borkum Airport ; Ciudad: Borkum; Pais: Germany 
Aeropuerto: Norderney Airport ; Ciudad: Norderney; Pais: Germany 
Aeropuerto: Flensburg-Schäferhaus Airport ; Ciudad: Flensburg; Pais: Germany 
Aeropuerto: Rendsburg-Schachtholm Airport ; Ciudad: Rendsburg; Pais: Germany 
Aeropuerto: Westerland Sylt Airport ; Ciudad: Westerland; Pais: Germany 
Aeropuerto: Ämari Air Base ; Ciudad: Armari Air Force Base; Pais: Estonia 
Aeropuerto: Kärdla Airport ; Ciudad: Kardla; Pais: Estonia 
Aeropuerto: Kuressaare Airport ; Ciudad: Kuressaare; Pais: Estonia 
Aeropuerto: Pärnu Airport ; Ciudad: Parnu; Pais: Estonia 
Aeropuerto: Lennart Meri Tallinn Airport ; Ciudad: Tallinn-ulemiste International; Pais: Estonia 
Aeropuerto: Tartu Airport ; Ciudad: Tartu; Pais: Estonia 
Aeropuerto: Enontekio Airport ; Ciudad: Enontekio; Pais: Finland 
Aeropuerto: Eura Airport ; Ciudad: Eura; Pais: Finland 
Aeropuerto: Halli Airport ; Ciudad: Halli; Pais: Finland 
Aeropuerto: Helsinki Malmi Airport ; Ciudad: Helsinki; Pais: Finland 
Aeropuerto: Helsinki Vantaa Airport ; Ciudad: Helsinki; Pais: Finland 
Aeropuerto: Hameenkyro Airport ; Ciudad: Hameenkyro; Pais: Finland 
Aeropuerto: Hanko Airport ; Ciudad: Hanko; Pais: Finland 
Aeropuerto: Hyvinkää Airfield ; Ciudad: Hyvinkaa; Pais: Finland 
Aeropuerto: Kiikala Airport ; Ciudad: Kikala; Pais: Finland 
Aeropuerto: Immola Airport ; Ciudad: Immola; Pais: Finland 
Aeropuerto: Kitee Airport ; Ciudad: Kitee; Pais: Finland 
Aeropuerto: Ivalo Airport ; Ciudad: Ivalo; Pais: Finland 
Aeropuerto: Joensuu Airport ; Ciudad: Joensuu; Pais: Finland 
Aeropuerto: Jyvaskyla Airport ; Ciudad: Jyvaskyla; Pais: Finland 
Aeropuerto: Kauhava Airport ; Ciudad: Kauhava; Pais: Finland 
Aeropuerto: Kemi-Tornio Airport ; Ciudad: Kemi; Pais: Finland 
Aeropuerto: Kajaani Airport ; Ciudad: Kajaani; Pais: Finland 
Aeropuerto: Kauhajoki Airport ; Ciudad: Kauhajoki; Pais: Finland 
Aeropuerto: Kokkola-Pietarsaari Airport ; Ciudad: Kruunupyy; Pais: Finland 
Aeropuerto: Kemijarvi Airport ; Ciudad: Kemijarvi; Pais: Finland 
Aeropuerto: Kuusamo Airport ; Ciudad: Kuusamo; Pais: Finland 
Aeropuerto: Kittilä Airport ; Ciudad: Kittila; Pais: Finland 
Aeropuerto: Kuopio Airport ; Ciudad: Kuopio; Pais: Finland 
Aeropuerto: Lahti Vesivehmaa Airport ; Ciudad: Vesivehmaa; Pais: Finland 
Aeropuerto: Lappeenranta Airport ; Ciudad: Lappeenranta; Pais: Finland 
Aeropuerto: Mariehamn Airport ; Ciudad: Mariehamn; Pais: Finland 
Aeropuerto: Menkijarvi Airport ; Ciudad: Menkijarvi; Pais: Finland 
Aeropuerto: Mikkeli Airport ; Ciudad: Mikkeli; Pais: Finland 
Aeropuerto: Nummela Airport ; Ciudad: Nummela; Pais: Finland 
Aeropuerto: Oulu Airport ; Ciudad: Oulu; Pais: Finland 
Aeropuerto: Piikajarvi Airport ; Ciudad: Piikajarvi; Pais: Finland 
Aeropuerto: Pori Airport ; Ciudad: Pori; Pais: Finland 
Aeropuerto: Pudasjärvi Airport ; Ciudad: Pudasjarvi; Pais: Finland 
Aeropuerto: Pyhäsalmi Airport ; Ciudad: Pyhasalmi; Pais: Finland 
Aeropuerto: Raahe Pattijoki Airport ; Ciudad: Pattijoki; Pais: Finland 
Aeropuerto: Rantasalmi Airport ; Ciudad: Rantasalmi; Pais: Finland 
Aeropuerto: Rovaniemi Airport ; Ciudad: Rovaniemi; Pais: Finland 
Aeropuerto: Rayskala Airport ; Ciudad: Rayskala; Pais: Finland 
Aeropuerto: Savonlinna Airport ; Ciudad: Savonlinna; Pais: Finland 
Aeropuerto: Selanpaa Airport ; Ciudad: Selanpaa; Pais: Finland 
Aeropuerto: Sodankyla Airport ; Ciudad: Sodankyla; Pais: Finland 
Aeropuerto: Tampere-Pirkkala Airport ; Ciudad: Tampere; Pais: Finland 
Aeropuerto: Teisko Airport ; Ciudad: Teisko; Pais: Finland 
Aeropuerto: Turku Airport ; Ciudad: Turku; Pais: Finland 
Aeropuerto: Utti Air Base ; Ciudad: Utti; Pais: Finland 
Aeropuerto: Vaasa Airport ; Ciudad: Vaasa; Pais: Finland 
Aeropuerto: Varkaus Airport ; Ciudad: Varkaus; Pais: Finland 
Aeropuerto: Ylivieska Airfield ; Ciudad: Ylivieska-raudaskyla; Pais: Finland 
Aeropuerto: Belfast International Airport ; Ciudad: Belfast; Pais: United Kingdom 
Aeropuerto: St Angelo Airport ; Ciudad: Enniskillen; Pais: United Kingdom 
Aeropuerto: George Best Belfast City Airport ; Ciudad: Belfast; Pais: United Kingdom 
Aeropuerto: City of Derry Airport ; Ciudad: Londonderry; Pais: United Kingdom 
Aeropuerto: Birmingham International Airport ; Ciudad: Birmingham; Pais: United Kingdom 
Aeropuerto: Coventry Airport ; Ciudad: Coventry; Pais: United Kingdom 
Aeropuerto: Leicester Airport ; Ciudad: Leicester; Pais: United Kingdom 
Aeropuerto: Gloucestershire Airport ; Ciudad: Golouchestershire; Pais: United Kingdom 
Aeropuerto: Wolverhampton Halfpenny Green Airport ; Ciudad: Halfpenny Green; Pais: United Kingdom 
Aeropuerto: Cotswold Airport ; Ciudad: Pailton; Pais: United Kingdom 
Aeropuerto: Turweston Airport ; Ciudad: Turweston; Pais: United Kingdom 
Aeropuerto: Wellesbourne Mountford Airport ; Ciudad: Wellesbourne; Pais: United Kingdom 
Aeropuerto: Manchester Airport ; Ciudad: Manchester; Pais: United Kingdom 
Aeropuerto: Manchester Woodford Airport ; Ciudad: Woodfort; Pais: United Kingdom 
Aeropuerto: Royal Marines Base Chivenor Airport ; Ciudad: Chivenor; Pais: United Kingdom 
Aeropuerto: Newquay Cornwall Airport ; Ciudad: Newquai; Pais: United Kingdom 
Aeropuerto: RAF Lyneham ; Ciudad: Lyneham; Pais: United Kingdom 
Aeropuerto: MoD Boscombe Down Airport ; Ciudad: Boscombe Down; Pais: United Kingdom 
Aeropuerto: RNAS Culdrose ; Ciudad: Culdrose; Pais: United Kingdom 
Aeropuerto: MoD St. Athan ; Ciudad: St. Athan; Pais: United Kingdom 
Aeropuerto: RNAS Yeovilton ; Ciudad: Yeovilton; Pais: United Kingdom 
Aeropuerto: Haverfordwest Airport ; Ciudad: Haverfordwest; Pais: United Kingdom 
Aeropuerto: Cardiff International Airport ; Ciudad: Cardiff; Pais: United Kingdom 
Aeropuerto: Swansea Airport ; Ciudad: Swansea; Pais: United Kingdom 
Aeropuerto: Bristol Airport ; Ciudad: Bristol; Pais: United Kingdom 
Aeropuerto: Liverpool John Lennon Airport ; Ciudad: Liverpool; Pais: United Kingdom 
Aeropuerto: London Luton Airport ; Ciudad: London; Pais: United Kingdom 
Aeropuerto: Plymouth City Airport ; Ciudad: Plymouth; Pais: United Kingdom 
Aeropuerto: Bournemouth Airport ; Ciudad: Bournemouth; Pais: United Kingdom 
Aeropuerto: Southampton Airport ; Ciudad: Southampton; Pais: United Kingdom 
Aeropuerto: Lasham Airport ; Ciudad: Lasham; Pais: United Kingdom 
Aeropuerto: Alderney Airport ; Ciudad: Alderney; Pais: Guernsey 
Aeropuerto: Guernsey Airport ; Ciudad: Guernsey; Pais: Guernsey 
Aeropuerto: Jersey Airport ; Ciudad: Jersey; Pais: Jersey 
Aeropuerto: Shoreham Airport ; Ciudad: Shoreham By Sea; Pais: United Kingdom 
Aeropuerto: London Biggin Hill Airport ; Ciudad: Biggin Hill; Pais: United Kingdom 
Aeropuerto: London Gatwick Airport ; Ciudad: London; Pais: United Kingdom 
Aeropuerto: London City Airport ; Ciudad: London; Pais: United Kingdom 
Aeropuerto: Farnborough Airport ; Ciudad: Farnborough; Pais: United Kingdom 
Aeropuerto: Chalgrove Airport ; Ciudad: Chalsgrove; Pais: United Kingdom 
Aeropuerto: Blackbushe Airport ; Ciudad: Blackbushe; Pais: United Kingdom 
Aeropuerto: London Heathrow Airport ; Ciudad: London; Pais: United Kingdom 
Aeropuerto: Southend Airport ; Ciudad: Southend; Pais: United Kingdom 
Aeropuerto: Lydd Airport ; Ciudad: Lydd; Pais: United Kingdom 
Aeropuerto: Kent International Airport ; Ciudad: Manston; Pais: United Kingdom 
Aeropuerto: Brough Airport ; Ciudad: Brough; Pais: United Kingdom 
Aeropuerto: Carlisle Airport ; Ciudad: Carlisle; Pais: United Kingdom 
Aeropuerto: Retford Gamston Airport ; Ciudad: Repton; Pais: United Kingdom 
Aeropuerto: Blackpool International Airport ; Ciudad: Blackpool; Pais: United Kingdom 
Aeropuerto: Humberside Airport ; Ciudad: Humberside; Pais: United Kingdom 
Aeropuerto: Barrow Walney Island Airport ; Ciudad: Barrow Island; Pais: United Kingdom 
Aeropuerto: Leeds Bradford Airport ; Ciudad: Leeds; Pais: United Kingdom 
Aeropuerto: Warton Airport ; Ciudad: Warton; Pais: United Kingdom 
Aeropuerto: Hawarden Airport ; Ciudad: Hawarden; Pais: United Kingdom 
Aeropuerto: Isle of Man Airport ; Ciudad: Isle Of Man; Pais: Isle of Man 
Aeropuerto: Newcastle Airport ; Ciudad: Newcastle; Pais: United Kingdom 
Aeropuerto: Durham Tees Valley Airport ; Ciudad: Teesside; Pais: United Kingdom 
Aeropuerto: East Midlands Airport ; Ciudad: East Midlands; Pais: United Kingdom 
Aeropuerto: Llanbedr Airport ; Ciudad: Llanbedr; Pais: United Kingdom 
Aeropuerto: RAF Ternhill ; Ciudad: Ternhill; Pais: United Kingdom 
Aeropuerto: RAF Shawbury ; Ciudad: Shawbury; Pais: United Kingdom 
Aeropuerto: RAF Woodvale ; Ciudad: Woodvale; Pais: United Kingdom 
Aeropuerto: Kirkwall Airport ; Ciudad: Kirkwall; Pais: United Kingdom 
Aeropuerto: Sumburgh Airport ; Ciudad: Sumburgh; Pais: United Kingdom 
Aeropuerto: Wick Airport ; Ciudad: Wick; Pais: United Kingdom 
Aeropuerto: Aberdeen Dyce Airport ; Ciudad: Aberdeen; Pais: United Kingdom 
Aeropuerto: Inverness Airport ; Ciudad: Inverness; Pais: United Kingdom 
Aeropuerto: Glasgow International Airport ; Ciudad: Glasgow; Pais: United Kingdom 
Aeropuerto: Edinburgh Airport ; Ciudad: Edinburgh; Pais: United Kingdom 
Aeropuerto: Islay Airport ; Ciudad: Islay; Pais: United Kingdom 
Aeropuerto: Glasgow Prestwick Airport ; Ciudad: Prestwick; Pais: United Kingdom 
Aeropuerto: Benbecula Airport ; Ciudad: Benbecula; Pais: United Kingdom 
Aeropuerto: Scatsta Airport ; Ciudad: Scatsta; Pais: United Kingdom 
Aeropuerto: Dundee Airport ; Ciudad: Dundee; Pais: United Kingdom 
Aeropuerto: Stornoway Airport ; Ciudad: Stornoway; Pais: United Kingdom 
Aeropuerto: Tiree Airport ; Ciudad: Tiree; Pais: United Kingdom 
Aeropuerto: RAF Leuchars ; Ciudad: Leuchars; Pais: United Kingdom 
Aeropuerto: RAF Lossiemouth ; Ciudad: Lossiemouth; Pais: United Kingdom 
Aeropuerto: Cambridge Airport ; Ciudad: Cambridge; Pais: United Kingdom 
Aeropuerto: Peterborough Business Airport ; Ciudad: Peterborough; Pais: United Kingdom 
Aeropuerto: Norwich International Airport ; Ciudad: Norwich; Pais: United Kingdom 
Aeropuerto: London Stansted Airport ; Ciudad: London; Pais: United Kingdom 
Aeropuerto: North Weald Airport ; Ciudad: North Weald; Pais: United Kingdom 
Aeropuerto: Sheffield City Heliport ; Ciudad: Fowlmere; Pais: United Kingdom 
Aeropuerto: Cranfield Airport ; Ciudad: Cranfield; Pais: United Kingdom 
Aeropuerto: Exeter International Airport ; Ciudad: Exeter; Pais: United Kingdom 
Aeropuerto: Bristol Filton Airport ; Ciudad: Bristol; Pais: United Kingdom 
Aeropuerto: Oxford (Kidlington) Airport ; Ciudad: Oxford; Pais: United Kingdom 
Aeropuerto: RAF Benson ; Ciudad: Benson; Pais: United Kingdom 
Aeropuerto: RAF Lakenheath ; Ciudad: Lakenheath; Pais: United Kingdom 
Aeropuerto: RAF Mildenhall ; Ciudad: Mildenhall; Pais: United Kingdom 
Aeropuerto: RAF Wattisham ; Ciudad: Wattisham; Pais: United Kingdom 
Aeropuerto: RAF Wyton ; Ciudad: Wyton; Pais: United Kingdom 
Aeropuerto: RAF Fairford ; Ciudad: Fairford; Pais: United Kingdom 
Aeropuerto: RAF Brize Norton ; Ciudad: Brize Norton; Pais: United Kingdom 
Aeropuerto: RAF Odiham ; Ciudad: Odiham; Pais: United Kingdom 
Aeropuerto: DCAE Cosford Air Base ; Ciudad: Cosford; Pais: United Kingdom 
Aeropuerto: RAF Northolt ; Ciudad: Northolt; Pais: United Kingdom 
Aeropuerto: RAF Coningsby ; Ciudad: Coningsby; Pais: United Kingdom 
Aeropuerto: RAF Dishforth ; Ciudad: Dishforth; Pais: United Kingdom 
Aeropuerto: Leeming Airport ; Ciudad: Leeming; Pais: United Kingdom 
Aeropuerto: Leeds East Airport ; Ciudad: Church Fenton; Pais: United Kingdom 
Aeropuerto: RAF Honington ; Ciudad: Honington; Pais: United Kingdom 
Aeropuerto: RAF Cottesmore ; Ciudad: Cottesmore; Pais: United Kingdom 
Aeropuerto: RAF Scampton ; Ciudad: Scampton; Pais: United Kingdom 
Aeropuerto: RAF Wittering ; Ciudad: Wittering; Pais: United Kingdom 
Aeropuerto: RAF Linton-On-Ouse ; Ciudad: Linton-on-ouse; Pais: United Kingdom 
Aeropuerto: RAF Waddington ; Ciudad: Waddington; Pais: United Kingdom 
Aeropuerto: RAF Topcliffe ; Ciudad: Topcliffe; Pais: United Kingdom 
Aeropuerto: RAF Cranwell ; Ciudad: Cranwell; Pais: United Kingdom 
Aeropuerto: RAF Barkston Heath ; Ciudad: Barkston Heath; Pais: United Kingdom 
Aeropuerto: RAF Marham ; Ciudad: Marham; Pais: United Kingdom 
Aeropuerto: Mount Pleasant Airport ; Ciudad: Mount Pleasant; Pais: Falkland Islands 
Aeropuerto: Amsterdam Airport Schiphol ; Ciudad: Amsterdam; Pais: Netherlands 
Aeropuerto: Budel Airfield Kempen ; Ciudad: Weert; Pais: Netherlands 
Aeropuerto: Maastricht Aachen Airport ; Ciudad: Maastricht; Pais: Netherlands 
Aeropuerto: Deelen Air Base ; Ciudad: Deelen; Pais: Netherlands 
Aeropuerto: Drachten Airport ; Ciudad: Drachten; Pais: Netherlands 
Aeropuerto: Eindhoven Airport ; Ciudad: Eindhoven; Pais: Netherlands 
Aeropuerto: Eelde Airport ; Ciudad: Groningen; Pais: Netherlands 
Aeropuerto: Gilze Rijen Air Base ; Ciudad: Gilze-rijen; Pais: Netherlands 
Aeropuerto: De Kooy Airport ; Ciudad: De Kooy; Pais: Netherlands 
Aeropuerto: Lelystad Airport ; Ciudad: Lelystad; Pais: Netherlands 
Aeropuerto: Leeuwarden Air Base ; Ciudad: Leeuwarden; Pais: Netherlands 
Aeropuerto: Rotterdam The Hague Airport ; Ciudad: Rotterdam; Pais: Netherlands 
Aeropuerto: Soesterberg Air Base ; Ciudad: Soesterberg; Pais: Netherlands 
Aeropuerto: Twente Airport ; Ciudad: Enschede; Pais: Netherlands 
Aeropuerto: Valkenburg Naval Air Base ; Ciudad: Valkenburg; Pais: Netherlands 
Aeropuerto: Woensdrecht Air Base ; Ciudad: Woensdrecht; Pais: Netherlands 
Aeropuerto: Cork Airport ; Ciudad: Cork; Pais: Ireland 
Aeropuerto: Galway Airport ; Ciudad: Galway; Pais: Ireland 
Aeropuerto: Dublin Airport ; Ciudad: Dublin; Pais: Ireland 
Aeropuerto: Ireland West Knock Airport ; Ciudad: Connaught; Pais: Ireland 
Aeropuerto: Kerry Airport ; Ciudad: Kerry; Pais: Ireland 
Aeropuerto: Casement Air Base ; Ciudad: Casement; Pais: Ireland 
Aeropuerto: Shannon Airport ; Ciudad: Shannon; Pais: Ireland 
Aeropuerto: Sligo Airport ; Ciudad: Sligo; Pais: Ireland 
Aeropuerto: Waterford Airport ; Ciudad: Waterford; Pais: Ireland 
Aeropuerto: Aarhus Airport ; Ciudad: Aarhus; Pais: Denmark 
Aeropuerto: Billund Airport ; Ciudad: Billund; Pais: Denmark 
Aeropuerto: Copenhagen Kastrup Airport ; Ciudad: Copenhagen; Pais: Denmark 
Aeropuerto: Esbjerg Airport ; Ciudad: Esbjerg; Pais: Denmark 
Aeropuerto: Grønholt Hillerød Airport ; Ciudad: Gronholt; Pais: Denmark 
Aeropuerto: Karup Airport ; Ciudad: Karup; Pais: Denmark 
Aeropuerto: Læsø Airport ; Ciudad: Laeso; Pais: Denmark 
Aeropuerto: Lolland Falster Maribo Airport ; Ciudad: Maribo; Pais: Denmark 
Aeropuerto: Odense Airport ; Ciudad: Odense; Pais: Denmark 
Aeropuerto: Kruså-Padborg Airport ; Ciudad: Krusa-padborg; Pais: Denmark 
Aeropuerto: Copenhagen Roskilde Airport ; Ciudad: Copenhagen; Pais: Denmark 
Aeropuerto: Bornholm Airport ; Ciudad: Ronne; Pais: Denmark 
Aeropuerto: Sønderborg Airport ; Ciudad: Soenderborg; Pais: Denmark 
Aeropuerto: Skrydstrup Air Base ; Ciudad: Skrydstrup; Pais: Denmark 
Aeropuerto: Skive Airport ; Ciudad: Skive; Pais: Denmark 
Aeropuerto: Thisted Airport ; Ciudad: Thisted; Pais: Denmark 
Aeropuerto: Kolding Vamdrup Airfield ; Ciudad: Kolding; Pais: Denmark 
Aeropuerto: Vagar Airport ; Ciudad: Vagar; Pais: Faroe Islands 
Aeropuerto: Vesthimmerlands Flyveplads ; Ciudad: Vesthimmerland; Pais: Denmark 
Aeropuerto: Stauning Airport ; Ciudad: Stauning; Pais: Denmark 
Aeropuerto: Aalborg Airport ; Ciudad: Aalborg; Pais: Denmark 
Aeropuerto: Luxembourg-Findel International Airport ; Ciudad: Luxemburg; Pais: Luxembourg 
Aeropuerto: Ålesund Airport ; Ciudad: Alesund; Pais: Norway 
Aeropuerto: Andøya Airport ; Ciudad: Andoya; Pais: Norway 
Aeropuerto: Alta Airport ; Ciudad: Alta; Pais: Norway 
Aeropuerto: Bømoen Airport ; Ciudad: Voss; Pais: Norway 
Aeropuerto: Brønnøysund Airport ; Ciudad: Bronnoysund; Pais: Norway 
Aeropuerto: Bodø Airport ; Ciudad: Bodo; Pais: Norway 
Aeropuerto: Bergen Airport Flesland ; Ciudad: Bergen; Pais: Norway 
Aeropuerto: Båtsfjord Airport ; Ciudad: Batsfjord; Pais: Norway 
Aeropuerto: Kristiansand Airport ; Ciudad: Kristiansand; Pais: Norway 
Aeropuerto: Geilo Airport Dagali ; Ciudad: Geilo; Pais: Norway 
Aeropuerto: Bardufoss Airport ; Ciudad: Bardufoss; Pais: Norway 
Aeropuerto: Harstad/Narvik Airport ; Ciudad:  Evenes; Pais: Harstad/Narvik 
Aeropuerto: Leirin Airport ; Ciudad: Fagernes; Pais: Norway 
Aeropuerto: Florø Airport ; Ciudad: Floro; Pais: Norway 
Aeropuerto: Oslo Lufthavn ; Ciudad: Oslo; Pais: Norway 
Aeropuerto: Haugesund Airport ; Ciudad: Haugesund; Pais: Norway 
Aeropuerto: Hasvik Airport ; Ciudad: Hasvik; Pais: Norway 
Aeropuerto: Kristiansund Airport (Kvernberget) ; Ciudad: Kristiansund; Pais: Norway 
Aeropuerto: Kjeller Airport ; Ciudad: Kjeller; Pais: Norway 
Aeropuerto: Kirkenes Airport (Høybuktmoen) ; Ciudad: Kirkenes; Pais: Norway 
Aeropuerto: Lista Airport ; Ciudad: Farsund; Pais: Norway 
Aeropuerto: Molde Airport ; Ciudad: Molde; Pais: Norway 
Aeropuerto: Mosjøen Airport (Kjærstad) ; Ciudad: Mosjoen; Pais: Norway 
Aeropuerto: Banak Airport ; Ciudad: Lakselv; Pais: Norway 
Aeropuerto: Notodden Airport ; Ciudad: Notodden; Pais: Norway 
Aeropuerto: Ørland Airport ; Ciudad: Orland; Pais: Norway 
Aeropuerto: Røros Airport ; Ciudad: Roros; Pais: Norway 
Aeropuerto: Moss Airport ; Ciudad:  Rygge; Pais: Rygge 
Aeropuerto: Svalbard Airport ; Ciudad:  Longyear; Pais: Svalbard 
Aeropuerto: Skien Airport ; Ciudad: Skien; Pais: Norway 
Aeropuerto: Stord Airport ; Ciudad: Stord; Pais: Norway 
Aeropuerto: Sandnessjøen Airport (Stokka) ; Ciudad: Sandnessjoen; Pais: Norway 
Aeropuerto: Tromsø Airport ; Ciudad: ; Pais: Tromso 
Aeropuerto: Sandefjord Airport ; Ciudad:  Torp; Pais: Sandefjord 
Aeropuerto: Trondheim Airport Værnes ; Ciudad: Trondheim; Pais: Norway 
Aeropuerto: Stavanger Airport Sola ; Ciudad: Stavanger; Pais: Norway 
Aeropuerto: Babice Airport ; Ciudad: Warsaw; Pais: Poland 
Aeropuerto: Gdańsk Lech Wałęsa Airport ; Ciudad: Gdansk; Pais: Poland 
Aeropuerto: Kraków John Paul II International Airport ; Ciudad: Krakow; Pais: Poland 
Aeropuerto: Muchowiec Airport ; Ciudad: Katowice; Pais: Poland 
Aeropuerto: Katowice International Airport ; Ciudad: Katowice; Pais: Poland 
Aeropuerto: Mielec Airport ; Ciudad: Mielec; Pais: Poland 
Aeropuerto: Poznań-Ławica Airport ; Ciudad: Poznan; Pais: Poland 
Aeropuerto: Rzeszów-Jasionka Airport ; Ciudad: Rzeszow; Pais: Poland 
Aeropuerto: Szczecin-Goleniów ""Solidarność"" Airport ; Ciudad: Szczecin; Pais: Poland 
Aeropuerto: Redzikowo Air Base ; Ciudad: Slupsk; Pais: Poland 
Aeropuerto: Swidwin Military Air Base ; Ciudad: Shapaja; Pais: Poland 
Aeropuerto: Warsaw Chopin Airport ; Ciudad: Warsaw; Pais: Poland 
Aeropuerto: Copernicus Wrocław Airport ; Ciudad: Wroclaw; Pais: Poland 
Aeropuerto: Zielona Góra-Babimost Airport ; Ciudad: Zielona Gora; Pais: Poland 
Aeropuerto: Malmen Air Base ; Ciudad: Linkoeping; Pais: Sweden 
Aeropuerto: Bråvalla Air Base ; Ciudad: Norrkoeping; Pais: Sweden 
Aeropuerto: Uppsala Airport ; Ciudad: Uppsala; Pais: Sweden 
Aeropuerto: Ronneby Airport ; Ciudad: Ronneby; Pais: Sweden 
Aeropuerto: Råda Air Base ; Ciudad: Rada; Pais: Sweden 
Aeropuerto: Gothenburg-Landvetter Airport ; Ciudad: Gothenborg; Pais: Sweden 
Aeropuerto: Jönköping Airport ; Ciudad: Joenkoeping; Pais: Sweden 
Aeropuerto: Falköping Airport ; Ciudad: Falkoping; Pais: Sweden 
Aeropuerto: Lidköping-Hovby Airport ; Ciudad: Lidkoping; Pais: Sweden 
Aeropuerto: Gothenburg City Airport ; Ciudad: Gothenborg; Pais: Sweden 
Aeropuerto: Skövde Airport ; Ciudad: Skovde; Pais: Sweden 
Aeropuerto: Trollhättan-Vänersborg Airport ; Ciudad: Trollhattan; Pais: Sweden 
Aeropuerto: Karlsborg Air Base ; Ciudad: Karlsborg; Pais: Sweden 
Aeropuerto: Såtenäs Air Base ; Ciudad: Satenas; Pais: Sweden 
Aeropuerto: Barkarby Airport ; Ciudad: Stockholm; Pais: Sweden 
Aeropuerto: Karlskoga Airport ; Ciudad: Karlskoga; Pais: Sweden 
Aeropuerto: Mora Airport ; Ciudad: Mora; Pais: Sweden 
Aeropuerto: Stockholm Skavsta Airport ; Ciudad: Stockholm; Pais: Sweden 
Aeropuerto: Arvika Airport ; Ciudad: Arvika; Pais: Sweden 
Aeropuerto: Emmaboda Airfield ; Ciudad: Emmaboda; Pais: Sweden 
Aeropuerto: Feringe Airport ; Ciudad: Ljungby; Pais: Sweden 
Aeropuerto: Kristianstad Airport ; Ciudad: Kristianstad; Pais: Sweden 
Aeropuerto: Landskrona Airport ; Ciudad: Landskrona; Pais: Sweden 
Aeropuerto: Oskarshamn Airport ; Ciudad: Oskarshamn; Pais: Sweden 
Aeropuerto: Anderstorp Airport ; Ciudad: Anderstorp; Pais: Sweden 
Aeropuerto: Kalmar Airport ; Ciudad: Kalkmar; Pais: Sweden 
Aeropuerto: Malmö Sturup Airport ; Ciudad: Malmoe; Pais: Sweden 
Aeropuerto: Halmstad Airport ; Ciudad: Halmstad; Pais: Sweden 
Aeropuerto: Hagshult Air Base ; Ciudad: Hagshult; Pais: Sweden 
Aeropuerto: Växjö Kronoberg Airport ; Ciudad: Vaxjo; Pais: Sweden 
Aeropuerto: Hallviken Airport ; Ciudad: Hallviken; Pais: Sweden 
Aeropuerto: Hedlanda Airport ; Ciudad: Hede; Pais: Sweden 
Aeropuerto: Sveg Airport ; Ciudad: Sveg; Pais: Sweden 
Aeropuerto: Gällivare Airport ; Ciudad: Gallivare; Pais: Sweden 
Aeropuerto: Hudiksvall Airport ; Ciudad: Hudiksvall; Pais: Sweden 
Aeropuerto: Jokkmokk Airport ; Ciudad: Jokkmokk; Pais: Sweden 
Aeropuerto: Kramfors Sollefteå Airport ; Ciudad: Kramfors; Pais: Sweden 
Aeropuerto: Lycksele Airport ; Ciudad: Lycksele; Pais: Sweden 
Aeropuerto: Optand Airport ; Ciudad: Optand; Pais: Sweden 
Aeropuerto: Sundsvall-Härnösand Airport ; Ciudad: Sundsvall; Pais: Sweden 
Aeropuerto: Örnsköldsvik Airport ; Ciudad: Ornskoldsvik; Pais: Sweden 
Aeropuerto: Piteå Airport ; Ciudad: Pitea; Pais: Sweden 
Aeropuerto: Kiruna Airport ; Ciudad: Kiruna; Pais: Sweden 
Aeropuerto: Orsa Airport ; Ciudad: Orsa; Pais: Sweden 
Aeropuerto: Skellefteå Airport ; Ciudad: Skelleftea; Pais: Sweden 
Aeropuerto: Sättna Airport ; Ciudad: Sattna; Pais: Sweden 
Aeropuerto: Umeå Airport ; Ciudad: Umea; Pais: Sweden 
Aeropuerto: Vilhelmina Airport ; Ciudad: Vilhelmina; Pais: Sweden 
Aeropuerto: Arvidsjaur Airport ; Ciudad: Arvidsjaur; Pais: Sweden 
Aeropuerto: Örebro Airport ; Ciudad: Orebro; Pais: Sweden 
Aeropuerto: Stockholm Västerås Airport ; Ciudad: Vasteras; Pais: Sweden 
Aeropuerto: Luleå Airport ; Ciudad: Lulea; Pais: Sweden 
Aeropuerto: Vidsel Air Base ; Ciudad: Vidsel; Pais: Sweden 
Aeropuerto: Arboga Airport ; Ciudad: Arboga; Pais: Sweden 
Aeropuerto: Stockholm-Arlanda Airport ; Ciudad: Stockholm; Pais: Sweden 
Aeropuerto: Stockholm-Bromma Airport ; Ciudad: Stockholm; Pais: Sweden 
Aeropuerto: Borlange Airport ; Ciudad: Borlange; Pais: Sweden 
Aeropuerto: Hultsfred Airport ; Ciudad: Hultsfred; Pais: Sweden 
Aeropuerto: Gävle Sandviken Airport ; Ciudad: Gavle; Pais: Sweden 
Aeropuerto: Linköping City Airport ; Ciudad: Linkoeping; Pais: Sweden 
Aeropuerto: Norrköping Airport ; Ciudad: Norrkoeping; Pais: Sweden 
Aeropuerto: Eskilstuna Airport ; Ciudad: Eskilstuna; Pais: Sweden 
Aeropuerto: Visby Airport ; Ciudad: Visby; Pais: Sweden 
Aeropuerto: Kalixfors Airport ; Ciudad: Kalixfors; Pais: Sweden 
Aeropuerto: Spangdahlem Air Base ; Ciudad: Spangdahlem; Pais: Germany 
Aeropuerto: Ramstein Air Base ; Ciudad: Ramstein; Pais: Germany 
Aeropuerto: [Duplicate] Giebelstadt Army Air Field ; Ciudad: Giebelstadt; Pais: Germany 
Aeropuerto: Bückeburg Air Base ; Ciudad: Brueckeburg; Pais: Germany 
Aeropuerto: Celle Airport ; Ciudad: Celle; Pais: Germany 
Aeropuerto: Rheine Bentlage Air Base ; Ciudad: Rheine-brentlange; Pais: Germany 
Aeropuerto: Fritzlar Airport ; Ciudad: Fritzlar; Pais: Germany 
Aeropuerto: Laupheim Air Base ; Ciudad: Laupheim; Pais: Germany 
Aeropuerto: Mendig Airfield ; Ciudad: Mendig; Pais: Germany 
Aeropuerto: Niederstetten Army Air Base ; Ciudad: Niederstetten; Pais: Germany 
Aeropuerto: Roth Airport ; Ciudad: Roth; Pais: Germany 
Aeropuerto: Fassberg Air Base ; Ciudad: Fassberg; Pais: Germany 
Aeropuerto: Grafenwohr Army Air Field ; Ciudad: Grafenwoehr; Pais: Germany 
Aeropuerto: Hanau Army Air Field ; Ciudad: Hanau; Pais: Germany 
Aeropuerto: Hohenfels Army Air Field ; Ciudad: Hohenfels; Pais: Germany 
Aeropuerto: Flugplatz Kitzingen ; Ciudad: Kitzingen; Pais: Germany 
Aeropuerto: Nordholz Naval Airbase ; Ciudad: Nordholz; Pais: Germany 
Aeropuerto: Diepholz Air Base ; Ciudad: Diepholz; Pais: Germany 
Aeropuerto: Geilenkirchen Air Base ; Ciudad: Geilenkirchen; Pais: Germany 
Aeropuerto: Hohn Air Base ; Ciudad: Hohn; Pais: Germany 
Aeropuerto: Jever Air Base ; Ciudad: Jever; Pais: Germany 
Aeropuerto: Rostock-Laage Airport ; Ciudad: Laage; Pais: Germany 
Aeropuerto: Nörvenich Air Base ; Ciudad: Noervenich; Pais: Germany 
Aeropuerto: Schleswig Air Base ; Ciudad: Schleswig; Pais: Germany 
Aeropuerto: Wittmundhafen Airport ; Ciudad: Wittmundhafen; Pais: Germany 
Aeropuerto: Wunstorf Air Base ; Ciudad: Wunstorf; Pais: Germany 
Aeropuerto: Vilseck Army Air Field ; Ciudad: Vilseck; Pais: Germany 
Aeropuerto: Coleman Army Air Field ; Ciudad: Coleman; Pais: Germany 
Aeropuerto: Wiesbaden Army Airfield ; Ciudad: Wiesbaden; Pais: Germany 
Aeropuerto: Landsberg Lech Air Base ; Ciudad: Landsberg; Pais: Germany 
Aeropuerto: Büchel Air Base ; Ciudad: Buechel; Pais: Germany 
Aeropuerto: Erding Airport ; Ciudad: Erding; Pais: Germany 
Aeropuerto: Fürstenfeldbruck Air Base ; Ciudad: Fuerstenfeldbruck; Pais: Germany 
Aeropuerto: Holzdorf Air Base ; Ciudad: Holzdorf; Pais: Germany 
Aeropuerto: Ingolstadt Manching Airport ; Ciudad: Ingolstadt; Pais: Germany 
Aeropuerto: Lechfeld Air Base ; Ciudad: Lechfeld; Pais: Germany 
Aeropuerto: Neuburg AFB ; Ciudad: Neuburg; Pais: Germany 
Aeropuerto: Gütersloh Air Base ; Ciudad: Guetersloh; Pais: Germany 
Aeropuerto: Alexander Bay Airport ; Ciudad: Alexander Bay; Pais: South Africa 
Aeropuerto: Aggeneys Airport ; Ciudad: Aggeneys; Pais: South Africa 
Aeropuerto: Brakpan Airport ; Ciudad: Brakpan; Pais: South Africa 
Aeropuerto: Bisho Airport ; Ciudad: Bisho; Pais: South Africa 
Aeropuerto: Bram Fischer International Airport ; Ciudad: Bloemfontein; Pais: South Africa 
Aeropuerto: Bethlehem Airport ; Ciudad: Bethlehem; Pais: South Africa 
Aeropuerto: Hendrik Potgieter Airport ; Ciudad: Bothaville; Pais: South Africa 
Aeropuerto: Cape Town International Airport ; Ciudad: Cape Town; Pais: South Africa 
Aeropuerto: Calvinia Airport ; Ciudad: Calvinia; Pais: South Africa 
Aeropuerto: King Shaka International Airport ; Ciudad: Durban; Pais: South Africa 
Aeropuerto: Ben Schoeman Airport ; Ciudad: East London; Pais: South Africa 
Aeropuerto: Ermelo Airport ; Ciudad: Ermelo; Pais: South Africa 
Aeropuerto: Ficksburg Sentraoes Airport ; Ciudad: Ficksburg; Pais: South Africa 
Aeropuerto: Grand Central Airport ; Ciudad: Johannesburg; Pais: South Africa 
Aeropuerto: George Airport ; Ciudad: George; Pais: South Africa 
Aeropuerto: Graaff Reinet Airport ; Ciudad: Graaff Reinet; Pais: South Africa 
Aeropuerto: Grahamstown Airport ; Ciudad: Grahamstown; Pais: South Africa 
Aeropuerto: Greytown Airport ; Ciudad: Greytown; Pais: South Africa 
Aeropuerto: Harmony Airport ; Ciudad: Harmony; Pais: South Africa 
Aeropuerto: Harrismith Airport ; Ciudad: Harrismith; Pais: South Africa 
Aeropuerto: Hoedspruit Air Force Base Airport ; Ciudad: Hoedspruit; Pais: South Africa 
Aeropuerto: Gariep Dam Airport ; Ciudad: Hendrik Verwoerddam; Pais: South Africa 
Aeropuerto: OR Tambo International Airport ; Ciudad: Johannesburg; Pais: South Africa 
Aeropuerto: P C Pelser Airport ; Ciudad: Klerksdorp; Pais: South Africa 
Aeropuerto: Kimberley Airport ; Ciudad: Kimberley; Pais: South Africa 
Aeropuerto: Krugersdorp Airport ; Ciudad: Krugersdorp; Pais: South Africa 
Aeropuerto: Kroonstad Airport ; Ciudad: Kroonstad; Pais: South Africa 
Aeropuerto: Johan Pienaar Airport ; Ciudad: Kuruman; Pais: South Africa 
Aeropuerto: Kleinsee Airport ; Ciudad: Kleinsee; Pais: South Africa 
Aeropuerto: Lanseria Airport ; Ciudad: Johannesburg; Pais: South Africa 
Aeropuerto: Lichtenburg Airport ; Ciudad: Lichtenburg; Pais: South Africa 
Aeropuerto: Makhado Air Force Base Airport ; Ciudad: Lambertsbaai; Pais: South Africa 
Aeropuerto: Langebaanweg Airport ; Ciudad: Langebaanweg; Pais: South Africa 
Aeropuerto: Ladysmith Airport ; Ciudad: Ladysmith; Pais: South Africa 
Aeropuerto: Middelburg Airport ; Ciudad: Middelburg; Pais: South Africa 
Aeropuerto: Margate Airport ; Ciudad: Margate; Pais: South Africa 
Aeropuerto: Marble Hall Airport ; Ciudad: Marble Hall; Pais: South Africa 
Aeropuerto: Majuba Power Station Airport ; Ciudad: Majuba Power Station; Pais: South Africa 
Aeropuerto: Riverside Airport ; Ciudad: Malalane; Pais: South Africa 
Aeropuerto: Morningside Farm Airport ; Ciudad: Musina; Pais: South Africa 
Aeropuerto: Mkuze Airport ; Ciudad: Mkuze; Pais: South Africa 
Aeropuerto: Newcastle Airport ; Ciudad: Newcastle; Pais: South Africa 
Aeropuerto: Nylstroom Airfield ; Ciudad: Nylstroom; Pais: South Africa 
Aeropuerto: Overberg Airport ; Ciudad: Overberg; Pais: South Africa 
Aeropuerto: Oudtshoorn Airport ; Ciudad: Oudtshoorn; Pais: South Africa 
Aeropuerto: Port Elizabeth Airport ; Ciudad: Port Elizabeth; Pais: South Africa 
Aeropuerto: Plettenberg Bay Airport ; Ciudad: Plettenberg Bay; Pais: South Africa 
Aeropuerto: Hendrik Van Eck Airport ; Ciudad: Phalaborwa; Pais: South Africa 
Aeropuerto: Pietersburg Municipal Airport ; Ciudad: Polokwane; Pais: South Africa 
Aeropuerto: Port St Johns Airport ; Ciudad: Port Saint Johns; Pais: South Africa 
Aeropuerto: Pietermaritzburg Airport ; Ciudad: Pietermaritzburg; Pais: South Africa 
Aeropuerto: Pilanesberg International Airport ; Ciudad: Pilanesberg; Pais: South Africa 
Aeropuerto: Polokwane International Airport ; Ciudad: Potgietersrus; Pais: South Africa 
Aeropuerto: Potchefstroom Airport ; Ciudad: Potchefstroom; Pais: South Africa 
Aeropuerto: Parys Airport ; Ciudad: Parys; Pais: South Africa 
Aeropuerto: Queenstown Airport ; Ciudad: Queenstown; Pais: South Africa 
Aeropuerto: Richards Bay Airport ; Ciudad: Richard's Bay; Pais: South Africa 
Aeropuerto: Rustenburg Airport ; Ciudad: Rustenburg; Pais: South Africa 
Aeropuerto: Robertson Airport ; Ciudad: Robertson; Pais: South Africa 
Aeropuerto: Springbok Airport ; Ciudad: Springbok; Pais: South Africa 
Aeropuerto: Secunda Airport ; Ciudad: Secunda; Pais: South Africa 
Aeropuerto: Saldanha /Vredenburg Airport ; Ciudad: Saldanha; Pais: South Africa 
Aeropuerto: Springs Airfield ; Ciudad: Springs; Pais: South Africa 
Aeropuerto: Swartkop Air Force Base ; Ciudad: Swartkop; Pais: South Africa 
Aeropuerto: Sishen Airport ; Ciudad: Sishen; Pais: South Africa 
Aeropuerto: Hendrik Swellengrebel Airport ; Ciudad: Swellendam; Pais: South Africa 
Aeropuerto: Skukuza Airport ; Ciudad: Skukuza; Pais: South Africa 
Aeropuerto: Tommys Field Airport ; Ciudad: Tommy's Field; Pais: South Africa 
Aeropuerto: New Tempe Airport ; Ciudad: Bloemfontein; Pais: South Africa 
Aeropuerto: Tutuka Power Station Airport ; Ciudad: Tutuka; Pais: South Africa 
Aeropuerto: Tzaneen Airport ; Ciudad: Tzaneen; Pais: South Africa 
Aeropuerto: Prince Mangosuthu Buthelezi Airport ; Ciudad: Ulundi; Pais: South Africa 
Aeropuerto: Pierre Van Ryneveld Airport ; Ciudad: Upington; Pais: South Africa 
Aeropuerto: K. D. Matanzima Airport ; Ciudad: Umtata; Pais: South Africa 
Aeropuerto: Vryburg Airport ; Ciudad: Vryburg; Pais: South Africa 
Aeropuerto: Virginia Airport ; Ciudad: Durban; Pais: South Africa 
Aeropuerto: Vredendal Airport ; Ciudad: Vredendal; Pais: South Africa 
Aeropuerto: Vereeniging Airport ; Ciudad: Vereeniging; Pais: South Africa 
Aeropuerto: Wonderboom Airport ; Ciudad: Pretoria; Pais: South Africa 
Aeropuerto: Witbank Airport ; Ciudad: Witbank; Pais: South Africa 
Aeropuerto: Waterkloof Air Force Base ; Ciudad: Waterkloof; Pais: South Africa 
Aeropuerto: Welkom Airport ; Ciudad: Welkom; Pais: South Africa 
Aeropuerto: Ysterplaat Air Force Base ; Ciudad: Ysterplaat; Pais: South Africa 
Aeropuerto: Zeerust Airport ; Ciudad: Zeerust; Pais: South Africa 
Aeropuerto: Francistown Airport ; Ciudad: Francistown; Pais: Botswana 
Aeropuerto: Jwaneng Airport ; Ciudad: Jwaneng; Pais: Botswana 
Aeropuerto: Kasane Airport ; Ciudad: Kasane; Pais: Botswana 
Aeropuerto: Maun Airport ; Ciudad: Maun; Pais: Botswana 
Aeropuerto: Sir Seretse Khama International Airport ; Ciudad: Gaberone; Pais: Botswana 
Aeropuerto: Selebi Phikwe Airport ; Ciudad: Selebi-phikwe; Pais: Botswana 
Aeropuerto: Maya-Maya Airport ; Ciudad: Brazzaville; Pais: Congo (Brazzaville) 
Aeropuerto: Owando Airport ; Ciudad: Owando; Pais: Congo (Kinshasa) 
Aeropuerto: Ouesso Airport ; Ciudad: Ouesso; Pais: Congo (Kinshasa) 
Aeropuerto: Pointe Noire Airport ; Ciudad: Pointe-noire; Pais: Congo (Brazzaville) 
Aeropuerto: Matsapha Airport ; Ciudad: Manzini; Pais: Swaziland 
Aeropuerto: Bangui M'Poko International Airport ; Ciudad: Bangui; Pais: Central African Republic 
Aeropuerto: Berbérati Airport ; Ciudad: Berberati; Pais: Central African Republic 
Aeropuerto: Bata Airport ; Ciudad: Bata; Pais: Equatorial Guinea 
Aeropuerto: Malabo Airport ; Ciudad: Malabo; Pais: Equatorial Guinea 
Aeropuerto: RAF Ascension Island ; Ciudad: Wide Awake; Pais: Saint Helena 
Aeropuerto: Sir Seewoosagur Ramgoolam International Airport ; Ciudad: Plaisance; Pais: Mauritius 
Aeropuerto: Sir Charles Gaetan Duval Airport ; Ciudad: Rodriguez Island; Pais: Mauritius 
Aeropuerto: Diego Garcia Naval Support Facility ; Ciudad: Diego Garcia Island; Pais: British Indian Ocean Territory 
Aeropuerto: Tiko Airport ; Ciudad: Tiko; Pais: Cameroon 
Aeropuerto: Douala International Airport ; Ciudad: Douala; Pais: Cameroon 
Aeropuerto: Salak Airport ; Ciudad: Maroua; Pais: Cameroon 
Aeropuerto: Foumban Nkounja Airport ; Ciudad: Foumban; Pais: Cameroon 
Aeropuerto: N'Gaoundéré Airport ; Ciudad: N'gaoundere; Pais: Cameroon 
Aeropuerto: Garoua International Airport ; Ciudad: Garoua; Pais: Cameroon 
Aeropuerto: Bafoussam Airport ; Ciudad: Bafoussam; Pais: Cameroon 
Aeropuerto: Bamenda Airport ; Ciudad: Bamenda; Pais: Cameroon 
Aeropuerto: Yaoundé Airport ; Ciudad: Yaounde; Pais: Cameroon 
Aeropuerto: Kasompe Airport ; Ciudad: Kasompe; Pais: Zambia 
Aeropuerto: Livingstone Airport ; Ciudad: Livingstone; Pais: Zambia 
Aeropuerto: Kenneth Kaunda International Airport Lusaka ; Ciudad: Lusaka; Pais: Zambia 
Aeropuerto: Mfuwe Airport ; Ciudad: Mfuwe; Pais: Zambia 
Aeropuerto: Mongu Airport ; Ciudad: Mongu; Pais: Zambia 
Aeropuerto: Simon Mwansa Kapwepwe International Airport ; Ciudad: Ndola; Pais: Zambia 
Aeropuerto: Southdowns Airport ; Ciudad: Southdowns; Pais: Zambia 
Aeropuerto: Prince Said Ibrahim International Airport ; Ciudad: Moroni; Pais: Comoros 
Aeropuerto: Mohéli Bandar Es Eslam Airport ; Ciudad: Moheli; Pais: Comoros 
Aeropuerto: Ouani Airport ; Ciudad: Anjouan; Pais: Comoros 
Aeropuerto: Dzaoudzi Pamandzi International Airport ; Ciudad: Dzaoudzi; Pais: Mayotte 
Aeropuerto: Roland Garros Airport ; Ciudad: St.-denis; Pais: Reunion 
Aeropuerto: Pierrefonds Airport ; Ciudad: St.-pierre; Pais: Reunion 
Aeropuerto: Ivato Airport ; Ciudad: Antananarivo; Pais: Madagascar 
Aeropuerto: Miandrivazo Airport ; Ciudad: Miandrivazo; Pais: Madagascar 
Aeropuerto: Sainte Marie Airport ; Ciudad: Sainte Marie; Pais: Madagascar 
Aeropuerto: Toamasina Airport ; Ciudad: Toamasina; Pais: Madagascar 
Aeropuerto: Morondava Airport ; Ciudad: Morondava; Pais: Madagascar 
Aeropuerto: Arrachart Airport ; Ciudad: Antsiranana; Pais: Madagascar 
Aeropuerto: Mananara Nord Airport ; Ciudad: Mananara; Pais: Madagascar 
Aeropuerto: Andapa Airport ; Ciudad: Andapa; Pais: Madagascar 
Aeropuerto: Ambilobe Airport ; Ciudad: Ambilobe; Pais: Madagascar 
Aeropuerto: Antsirabato Airport ; Ciudad: Antalaha; Pais: Madagascar 
Aeropuerto: Analalava Airport ; Ciudad: Analalava; Pais: Madagascar 
Aeropuerto: Amborovy Airport ; Ciudad: Mahajanga; Pais: Madagascar 
Aeropuerto: Fascene Airport ; Ciudad: Nosy-be; Pais: Madagascar 
Aeropuerto: Besalampy Airport ; Ciudad: Besalampy; Pais: Madagascar 
Aeropuerto: Maroantsetra Airport ; Ciudad: Maroantsetra; Pais: Madagascar 
Aeropuerto: Sambava Airport ; Ciudad: Sambava; Pais: Madagascar 
Aeropuerto: Vohimarina Airport ; Ciudad: Vohemar; Pais: Madagascar 
Aeropuerto: Ambalabe Airport ; Ciudad: Antsohihy; Pais: Madagascar 
Aeropuerto: Ampampamena Airport ; Ciudad: Ampampamena; Pais: Madagascar 
Aeropuerto: Tôlanaro Airport ; Ciudad: Tolagnaro; Pais: Madagascar 
Aeropuerto: Fianarantsoa Airport ; Ciudad: Fianarantsoa; Pais: Madagascar 
Aeropuerto: Farafangana Airport ; Ciudad: Farafangana; Pais: Madagascar 
Aeropuerto: Manakara Airport ; Ciudad: Manakara; Pais: Madagascar 
Aeropuerto: Mananjary Airport ; Ciudad: Mananjary; Pais: Madagascar 
Aeropuerto: Morombe Airport ; Ciudad: Morombe; Pais: Madagascar 
Aeropuerto: Toliara Airport ; Ciudad: Toliara; Pais: Madagascar 
Aeropuerto: Mbanza Congo Airport ; Ciudad: M'banza-congo; Pais: Angola 
Aeropuerto: Benguela Airport ; Ciudad: Benguela; Pais: Angola 
Aeropuerto: Cabinda Airport ; Ciudad: Cabinda; Pais: Angola 
Aeropuerto: Nova Lisboa Airport ; Ciudad: Huambo; Pais: Angola 
Aeropuerto: Kuito Airport ; Ciudad: Kuito; Pais: Angola 
Aeropuerto: Lobito Airport ; Ciudad: Lobito; Pais: Angola 
Aeropuerto: Quatro de Fevereiro Airport ; Ciudad: Luanda; Pais: Angola 
Aeropuerto: Malanje Airport ; Ciudad: Malanje; Pais: Angola 
Aeropuerto: Menongue Airport ; Ciudad: Menongue; Pais: Angola 
Aeropuerto: Negage Airport ; Ciudad: Negage; Pais: Angola 
Aeropuerto: Porto Amboim Airport ; Ciudad: Porto Amboim; Pais: Angola 
Aeropuerto: Saurimo Airport ; Ciudad: Saurimo; Pais: Angola 
Aeropuerto: Soyo Airport ; Ciudad: Soyo; Pais: Angola 
Aeropuerto: Lubango Airport ; Ciudad: Lubango; Pais: Angola 
Aeropuerto: Luena Airport ; Ciudad: Luena; Pais: Angola 
Aeropuerto: Uige Airport ; Ciudad: Uige; Pais: Angola 
Aeropuerto: Xangongo Airport ; Ciudad: Xangongo; Pais: Angola 
Aeropuerto: Oyem Airport ; Ciudad: Oyem; Pais: Gabon 
Aeropuerto: Okondja Airport ; Ciudad: Okondja; Pais: Gabon 
Aeropuerto: Lambarene Airport ; Ciudad: Lambarene; Pais: Gabon 
Aeropuerto: Bitam Airport ; Ciudad: Bitam; Pais: Gabon 
Aeropuerto: Port Gentil Airport ; Ciudad: Port Gentil; Pais: Gabon 
Aeropuerto: Omboue Hopital Airport ; Ciudad: Omboue Hospial; Pais: Gabon 
Aeropuerto: Makokou Airport ; Ciudad: Makokou; Pais: Gabon 
Aeropuerto: Libreville Leon M'ba International Airport ; Ciudad: Libreville; Pais: Gabon 
Aeropuerto: M'Vengue El Hadj Omar Bongo Ondimba International Airport ; Ciudad: Franceville; Pais: Gabon 
Aeropuerto: Principe Airport ; Ciudad: Principe; Pais: Sao Tome and Principe 
Aeropuerto: São Tomé International Airport ; Ciudad: Sao Tome; Pais: Sao Tome and Principe 
Aeropuerto: Beira Airport ; Ciudad: Beira; Pais: Mozambique 
Aeropuerto: Inhambane Airport ; Ciudad: Inhambane; Pais: Mozambique 
Aeropuerto: Lichinga Airport ; Ciudad: Lichinga; Pais: Mozambique 
Aeropuerto: Lumbo Airport ; Ciudad: Lumbo; Pais: Mozambique 
Aeropuerto: Maputo Airport ; Ciudad: Maputo; Pais: Mozambique 
Aeropuerto: Mueda Airport ; Ciudad: Mueda; Pais: Mozambique 
Aeropuerto: Mocímboa da Praia Airport ; Ciudad: Mocimboa Da Praia; Pais: Mozambique 
Aeropuerto: Marrupa Airport ; Ciudad: Marrupa; Pais: Mozambique 
Aeropuerto: Nacala Airport ; Ciudad: Nacala; Pais: Mozambique 
Aeropuerto: Nampula Airport ; Ciudad: Nampula; Pais: Mozambique 
Aeropuerto: Pemba Airport ; Ciudad: Pemba; Pais: Mozambique 
Aeropuerto: Quelimane Airport ; Ciudad: Quelimane; Pais: Mozambique 
Aeropuerto: Songo Airport ; Ciudad: Songo; Pais: Mozambique 
Aeropuerto: Chingozi Airport ; Ciudad: Tete; Pais: Mozambique 
Aeropuerto: Ulongwe Airport ; Ciudad: Ulongwe; Pais: Mozambique 
Aeropuerto: Vilankulo Airport ; Ciudad: Vilankulu; Pais: Mozambique 
Aeropuerto: Alphonse Airport ; Ciudad: Alphonse; Pais: Seychelles 
Aeropuerto: Desroches Airport ; Ciudad: Desroches; Pais: Seychelles 
Aeropuerto: Farquhar Airport ; Ciudad: Farquhar; Pais: Seychelles 
Aeropuerto: Seychelles International Airport ; Ciudad: Mahe; Pais: Seychelles 
Aeropuerto: Praslin Airport ; Ciudad: Praslin; Pais: Seychelles 
Aeropuerto: Coetivy Airport ; Ciudad: Coetivy; Pais: Seychelles 
Aeropuerto: Abeche Airport ; Ciudad: Abeche; Pais: Chad 
Aeropuerto: Moundou Airport ; Ciudad: Moundou; Pais: Chad 
Aeropuerto: N'Djamena International Airport ; Ciudad: N'djamena; Pais: Chad 
Aeropuerto: Faya Largeau Airport ; Ciudad: Faya-largeau; Pais: Chad 
